{
    "llama2_7b": {
        "avg": {
            "slope": 0.27447857250478924,
            "intercept": -0.12935566843883856,
            "pearson": {
                "coefficient": 0.3093465457049686,
                "p_value": 0.05209110637791499
            }
        }
    },
    "llama2_7b_chat": {
        "avg": {
            "slope": 0.06302331087625647,
            "intercept": -0.03306409952861662,
            "pearson": {
                "coefficient": 0.10131870117677477,
                "p_value": 0.5338891259881422
            }
        }
    },
    "llama2_13b": {
        "avg": {
            "slope": 0.2616715813943478,
            "intercept": -0.114933489743645,
            "pearson": {
                "coefficient": 0.29207169636039193,
                "p_value": 0.067436652834522
            }
        }
    },
    "llama2_13b_chat": {
        "avg": {
            "slope": -0.007834865149917134,
            "intercept": 0.0012347446135302113,
            "pearson": {
                "coefficient": -0.011348498861815617,
                "p_value": 0.9445913070835524
            }
        }
    },
    "llama3_8b": {
        "avg": {
            "slope": 0.3652575389052713,
            "intercept": -0.19217169977829912,
            "pearson": {
                "coefficient": 0.5088318782081466,
                "p_value": 0.0008001121786425085
            }
        }
    },
    "llama3_8b_instruct": {
        "avg": {
            "slope": 0.2618760627650187,
            "intercept": -0.1197940119244926,
            "pearson": {
                "coefficient": 0.29578365860113714,
                "p_value": 0.06386995983427217
            }
        }
    },
    "llama3.1_8b": {
        "avg": {
            "slope": 0.48778492864676387,
            "intercept": -0.25464775393357586,
            "pearson": {
                "coefficient": 0.5227232725455144,
                "p_value": 0.0005395545708407679
            }
        }
    },
    "llama3.1_8b_instruct": {
        "avg": {
            "slope": 0.23616522094750214,
            "intercept": -0.1036473019221249,
            "pearson": {
                "coefficient": 0.26450801258195555,
                "p_value": 0.0990713300191556
            }
        }
    },
    "mistral_7b_v01": {
        "avg": {
            "slope": 0.2621666415549195,
            "intercept": -0.11170106976043398,
            "pearson": {
                "coefficient": 0.28836778880138647,
                "p_value": 0.07115057378255758
            }
        }
    },
    "mistral_7b_plus": {
        "avg": {
            "slope": 0.28091435459222114,
            "intercept": -0.12233420865709552,
            "pearson": {
                "coefficient": 0.2882677316887995,
                "p_value": 0.07125308872284293
            }
        }
    },
    "qwen1.5_7b": {
        "avg": {
            "slope": -0.03740932865537355,
            "intercept": 0.03421974213822941,
            "pearson": {
                "coefficient": -0.04732018669642679,
                "p_value": 0.7718533914645863
            }
        }
    },
    "qwen1.5_7b_chat": {
        "avg": {
            "slope": -0.0960201467960998,
            "intercept": 0.03239888934329194,
            "pearson": {
                "coefficient": -0.11321411323969215,
                "p_value": 0.48670127918259026
            }
        }
    },
    "qwen2_7b": {
        "avg": {
            "slope": -0.11334725241610884,
            "intercept": 0.02426418993090683,
            "pearson": {
                "coefficient": -0.1761157724029538,
                "p_value": 0.27701116326281533
            }
        }
    },
    "qwen2_7b_instruct": {
        "avg": {
            "slope": -0.5417141996168665,
            "intercept": 0.30154652489291633,
            "pearson": {
                "coefficient": -0.564898557706879,
                "p_value": 0.0001461835887232371
            }
        }
    },
    "gpt3.5": {
        "avg": {
            "slope": 1.856669321337093,
            "intercept": -1.0130297681826987,
            "pearson": {
                "coefficient": 0.7013604913161783,
                "p_value": 4.6299765460742063e-07
            }
        }
    },
    "gpt4": {
        "avg": {
            "slope": 1.0102240685335455,
            "intercept": -0.6380261090423813,
            "pearson": {
                "coefficient": 0.47253354367201617,
                "p_value": 0.002078135860079773
            }
        }
    },
    "gpt4o_mini": {
        "avg": {
            "slope": 1.8100583310015284,
            "intercept": -1.020086527906326,
            "pearson": {
                "coefficient": 0.6399300928173175,
                "p_value": 8.741563097407718e-06
            }
        }
    }
}