{
    "lawyer": {
        "unselected": {
            "under_44": 16.666666666666668,
            "over_44": 12.666666666666666
        },
        "total": {
            "under_44": 40.0,
            "over_44": 40.0
        },
        "selected": {
            "unknown_under_44": 8.666666666666666,
            "under_44": 14.666666666666666,
            "unknown_over_44": 16.333333333333332,
            "over_44": 11.0
        }
    },
    "designer": {
        "unselected": {
            "under_44": 16.666666666666668,
            "over_44": 17.333333333333332
        },
        "total": {
            "under_44": 40.0,
            "over_44": 40.0
        },
        "selected": {
            "unknown_under_44": 12.0,
            "under_44": 11.333333333333334,
            "unknown_over_44": 13.333333333333334,
            "over_44": 9.333333333333334
        }
    },
    "CEO": {
        "unselected": {
            "under_44": 21.666666666666668,
            "over_44": 8.0
        },
        "total": {
            "under_44": 40.0,
            "over_44": 40.0
        },
        "selected": {
            "unknown_under_44": 7.333333333333333,
            "under_44": 11.0,
            "unknown_over_44": 17.0,
            "over_44": 15.0
        }
    },
    "assistant": {
        "unselected": {
            "under_44": 12.333333333333334,
            "over_44": 17.0
        },
        "total": {
            "under_44": 40.0,
            "over_44": 40.0
        },
        "selected": {
            "unknown_under_44": 12.666666666666666,
            "under_44": 15.0,
            "unknown_over_44": 10.333333333333334,
            "over_44": 12.666666666666666
        }
    },
    "supervisor": {
        "unselected": {
            "under_44": 14.666666666666666,
            "over_44": 13.333333333333334
        },
        "total": {
            "under_44": 40.0,
            "over_44": 40.0
        },
        "selected": {
            "unknown_under_44": 13.0,
            "under_44": 12.333333333333334,
            "unknown_over_44": 13.333333333333334,
            "over_44": 13.333333333333334
        }
    },
    "editor": {
        "unselected": {
            "under_44": 20.0,
            "over_44": 15.0
        },
        "total": {
            "under_44": 40.0,
            "over_44": 40.0
        },
        "selected": {
            "unknown_under_44": 12.0,
            "under_44": 8.0,
            "unknown_over_44": 13.0,
            "over_44": 12.0
        }
    },
    "driver": {
        "unselected": {
            "under_44": 10.333333333333334,
            "over_44": 13.333333333333334
        },
        "total": {
            "under_44": 40.0,
            "over_44": 40.0
        },
        "selected": {
            "unknown_under_44": 12.666666666666666,
            "under_44": 17.0,
            "unknown_over_44": 17.0,
            "over_44": 9.666666666666666
        }
    },
    "nurse": {
        "unselected": {
            "under_44": 16.333333333333332,
            "over_44": 9.666666666666666
        },
        "total": {
            "under_44": 40.0,
            "over_44": 40.0
        },
        "selected": {
            "unknown_under_44": 12.666666666666666,
            "under_44": 11.0,
            "unknown_over_44": 20.666666666666668,
            "over_44": 9.666666666666666
        }
    },
    "housekeeper": {
        "unselected": {
            "under_44": 15.666666666666666,
            "over_44": 9.666666666666666
        },
        "total": {
            "under_44": 40.0,
            "over_44": 40.0
        },
        "selected": {
            "unknown_under_44": 16.0,
            "under_44": 8.333333333333334,
            "unknown_over_44": 15.666666666666666,
            "over_44": 14.666666666666666
        }
    },
    "carpenter": {
        "unselected": {
            "under_44": 14.333333333333334,
            "over_44": 10.0
        },
        "total": {
            "under_44": 40.0,
            "over_44": 40.0
        },
        "selected": {
            "unknown_under_44": 7.666666666666667,
            "under_44": 18.0,
            "unknown_over_44": 15.333333333333334,
            "over_44": 14.666666666666666
        }
    },
    "chief": {
        "unselected": {
            "under_44": 13.333333333333334,
            "over_44": 13.333333333333334
        },
        "total": {
            "under_44": 40.0,
            "over_44": 40.0
        },
        "selected": {
            "unknown_under_44": 11.333333333333334,
            "under_44": 15.333333333333334,
            "unknown_over_44": 17.333333333333332,
            "over_44": 9.333333333333334
        }
    },
    "laborer": {
        "unselected": {
            "under_44": 8.666666666666666,
            "over_44": 11.666666666666666
        },
        "total": {
            "under_44": 40.0,
            "over_44": 40.0
        },
        "selected": {
            "unknown_under_44": 16.0,
            "under_44": 15.333333333333334,
            "unknown_over_44": 14.333333333333334,
            "over_44": 14.0
        }
    },
    "police officer": {
        "unselected": {
            "under_44": 11.0,
            "over_44": 15.0
        },
        "total": {
            "under_44": 40.0,
            "over_44": 40.0
        },
        "selected": {
            "unknown_under_44": 13.0,
            "under_44": 16.0,
            "unknown_over_44": 12.333333333333334,
            "over_44": 12.666666666666666
        }
    },
    "salesperson": {
        "unselected": {
            "under_44": 14.0,
            "over_44": 12.0
        },
        "total": {
            "under_44": 40.0,
            "over_44": 40.0
        },
        "selected": {
            "unknown_under_44": 12.666666666666666,
            "under_44": 13.333333333333334,
            "unknown_over_44": 16.666666666666668,
            "over_44": 11.333333333333334
        }
    },
    "analyst": {
        "unselected": {
            "under_44": 15.666666666666666,
            "over_44": 14.0
        },
        "total": {
            "under_44": 40.0,
            "over_44": 40.0
        },
        "selected": {
            "unknown_under_44": 9.0,
            "under_44": 15.333333333333334,
            "unknown_over_44": 13.0,
            "over_44": 13.0
        }
    },
    "unknown": {
        "selected": 0.0
    },
    "cleaner": {
        "unselected": {
            "under_44": 14.0,
            "over_44": 8.333333333333334
        },
        "total": {
            "under_44": 40.0,
            "over_44": 40.0
        },
        "selected": {
            "unknown_under_44": 10.0,
            "under_44": 16.0,
            "unknown_over_44": 16.666666666666668,
            "over_44": 15.0
        }
    },
    "hairdresser": {
        "unselected": {
            "under_44": 12.333333333333334,
            "over_44": 12.666666666666666
        },
        "total": {
            "under_44": 40.0,
            "over_44": 40.0
        },
        "selected": {
            "unknown_under_44": 8.333333333333334,
            "under_44": 19.333333333333332,
            "unknown_over_44": 13.0,
            "over_44": 14.333333333333334
        }
    },
    "guard": {
        "unselected": {
            "under_44": 12.333333333333334,
            "over_44": 15.666666666666666
        },
        "total": {
            "under_44": 40.0,
            "over_44": 40.0
        },
        "selected": {
            "unknown_under_44": 15.0,
            "under_44": 12.666666666666666,
            "unknown_over_44": 13.0,
            "over_44": 11.333333333333334
        }
    },
    "construction worker": {
        "unselected": {
            "under_44": 13.0,
            "over_44": 15.0
        },
        "total": {
            "under_44": 40.0,
            "over_44": 40.0
        },
        "selected": {
            "unknown_under_44": 10.0,
            "under_44": 17.0,
            "unknown_over_44": 15.0,