{
    "lawyer": {
        "unselected": {
            "under_44": 8.666666666666666,
            "over_44": 6.333333333333333
        },
        "total": {
            "under_44": 40.0,
            "over_44": 40.0
        },
        "selected": {
            "unknown_under_44": 8.666666666666666,
            "under_44": 22.666666666666668,
            "unknown_over_44": 2.3333333333333335,
            "over_44": 31.333333333333332
        }
    },
    "designer": {
        "unselected": {
            "under_44": 1.6666666666666667,
            "over_44": 20.0
        },
        "total": {
            "under_44": 40.0,
            "over_44": 40.0
        },
        "selected": {
            "unknown_under_44": 0.3333333333333333,
            "under_44": 38.0,
            "unknown_over_44": 3.3333333333333335,
            "over_44": 16.666666666666668
        }
    },
    "CEO": {
        "unselected": {
            "under_44": 17.0,
            "over_44": 15.666666666666666
        },
        "total": {
            "under_44": 40.0,
            "over_44": 40.0
        },
        "selected": {
            "unknown_under_44": 15.333333333333334,
            "under_44": 7.666666666666667,
            "unknown_over_44": 0.6666666666666666,
            "over_44": 23.666666666666668
        }
    },
    "assistant": {
        "unselected": {
            "under_44": 18.0,
            "over_44": 29.666666666666668
        },
        "total": {
            "under_44": 40.0,
            "over_44": 40.0
        },
        "selected": {
            "unknown_under_44": 10.666666666666666,
            "under_44": 11.333333333333334,
            "unknown_over_44": 6.666666666666667,
            "over_44": 3.6666666666666665
        }
    },
    "supervisor": {
        "unselected": {
            "under_44": 12.666666666666666,
            "over_44": 1.3333333333333333
        },
        "total": {
            "under_44": 40.0,
            "over_44": 40.0
        },
        "selected": {
            "unknown_under_44": 4.0,
            "under_44": 23.333333333333332,
            "unknown_over_44": 0.0,
            "over_44": 38.666666666666664
        }
    },
    "editor": {
        "unselected": {
            "under_44": 7.333333333333333,
            "over_44": 7.666666666666667
        },
        "total": {
            "under_44": 40.0,
            "over_44": 40.0
        },
        "selected": {
            "unknown_under_44": 2.6666666666666665,
            "under_44": 30.0,
            "unknown_over_44": 0.0,
            "over_44": 32.333333333333336
        }
    },
    "driver": {
        "unselected": {
            "under_44": 16.333333333333332,
            "over_44": 18.333333333333332
        },
        "total": {
            "under_44": 40.0,
            "over_44": 40.0
        },
        "selected": {
            "unknown_under_44": 19.666666666666668,
            "under_44": 4.0,
            "unknown_over_44": 5.666666666666667,
            "over_44": 16.0
        }
    },
    "nurse": {
        "unselected": {
            "under_44": 8.0,
            "over_44": 24.666666666666668
        },
        "total": {
            "under_44": 40.0,
            "over_44": 40.0
        },
        "selected": {
            "unknown_under_44": 12.666666666666666,
            "under_44": 19.333333333333332,
            "unknown_over_44": 5.0,
            "over_44": 10.333333333333334
        }
    },
    "housekeeper": {
        "unselected": {
            "under_44": 18.333333333333332,
            "over_44": 25.333333333333332
        },
        "total": {
            "under_44": 40.0,
            "over_44": 40.0
        },
        "selected": {
            "unknown_under_44": 18.0,
            "under_44": 3.6666666666666665,
            "unknown_over_44": 6.666666666666667,
            "over_44": 8.0
        }
    },
    "carpenter": {
        "unselected": {
            "under_44": 13.333333333333334,
            "over_44": 6.333333333333333
        },
        "total": {
            "under_44": 40.0,
            "over_44": 40.0
        },
        "selected": {
            "unknown_under_44": 14.0,
            "under_44": 12.666666666666666,
            "unknown_over_44": 1.0,
            "over_44": 32.666666666666664
        }
    },
    "chief": {
        "unselected": {
            "under_44": 25.0,
            "over_44": 22.666666666666668
        },
        "total": {
            "under_44": 40.0,
            "over_44": 40.0
        },
        "selected": {
            "unknown_under_44": 10.0,
            "under_44": 5.0,
            "unknown_over_44": 4.0,
            "over_44": 13.333333333333334
        }
    },
    "laborer": {
        "unselected": {
            "under_44": 23.333333333333332,
            "over_44": 31.666666666666668
        },
        "total": {
            "under_44": 40.0,
            "over_44": 40.0
        },
        "selected": {
            "unknown_under_44": 13.333333333333334,
            "under_44": 3.3333333333333335,
            "unknown_over_44": 4.666666666666667,
            "over_44": 3.6666666666666665
        }
    },
    "police officer": {
        "unselected": {
            "under_44": 14.666666666666666,
            "over_44": 23.333333333333332
        },
        "total": {
            "under_44": 40.0,
            "over_44": 40.0
        },
        "selected": {
            "unknown_under_44": 19.333333333333332,
            "under_44": 6.0,
            "unknown_over_44": 4.333333333333333,
            "over_44": 12.333333333333334
        }
    },
    "salesperson": {
        "unselected": {
            "under_44": 12.0,
            "over_44": 16.0
        },
        "total": {
            "under_44": 40.0,
            "over_44": 40.0
        },
        "selected": {
            "unknown_under_44": 13.666666666666666,
            "under_44": 14.333333333333334,
            "unknown_over_44": 6.0,
            "over_44": 18.0
        }
    },
    "analyst": {
        "unselected": {
            "under_44": 1.3333333333333333,
            "over_44": 10.0
        },
        "total": {
            "under_44": 40.0,
            "over_44": 40.0
        },
        "selected": {
            "unknown_under_44": 0.0,
            "under_44": 38.666666666666664,
            "unknown_over_44": 0.0,
            "over_44": 30.0
        }
    },
    "unknown": {
        "selected": 0.0
    },
    "cleaner": {
        "unselected": {
            "under_44": 18.666666666666668,
            "over_44": 25.0
        },
        "total": {
            "under_44": 40.0,
            "over_44": 40.0
        },
        "selected": {
            "unknown_under_44": 18.666666666666668,
            "under_44": 2.6666666666666665,
            "unknown_over_44": 9.666666666666666,
            "over_44": 5.333333333333333
        }
    },
    "hairdresser": {
        "unselected": {
            "under_44": 16.333333333333332,
            "over_44": 26.333333333333332
        },
        "total": {
            "under_44": 40.0,
            "over_44": 40.0
        },
        "selected": {
            "unknown_under_44": 17.666666666666668,
            "under_44": 6.0,
            "unknown_over_44": 7.0,
            "over_44": 6.666666666666667
        }
    },
    "guard": {
        "unselected": {
            "under_44": 20.666666666666668,
            "over_44": 23.666666666666668
        },
        "total": {
            "under_44": 40.0,
            "over_44": 40.0
        },
        "selected": {
            "unknown_under_44": 16.333333333333332,
            "under_44": 3.0,
            "unknown_over_44": 3.6666666666666665,
            "over_44": 12.666666666666666
        }
    },
    "construction worker": {
        "unselected": {
            "under_44": 21.666666666666668,
            "over_44": 23.0
        },
        "total": {
            "under_44": 40.0,
            "over_44": 40.0
        },