{
    "lawyer": {
        "unselected": {
            "under_44": 19.333333333333332,
            "over_44": 18.0
        },
        "total": {
            "under_44": 40.0,
            "over_44": 40.0
        },
        "selected": {
            "unknown_under_44": 0.0,
            "under_44": 20.666666666666668,
            "unknown_over_44": 0.6666666666666666,
            "over_44": 21.333333333333332
        }
    },
    "designer": {
        "unselected": {
            "under_44": 20.0,
            "over_44": 19.333333333333332
        },
        "total": {
            "under_44": 40.0,
            "over_44": 40.0
        },
        "selected": {
            "unknown_under_44": 0.6666666666666666,
            "under_44": 19.333333333333332,
            "unknown_over_44": 4.0,
            "over_44": 16.666666666666668
        }
    },
    "CEO": {
        "unselected": {
            "under_44": 30.666666666666668,
            "over_44": 24.333333333333332
        },
        "total": {
            "under_44": 40.0,
            "over_44": 40.0
        },
        "selected": {
            "unknown_under_44": 0.3333333333333333,
            "under_44": 9.0,
            "unknown_over_44": 1.3333333333333333,
            "over_44": 14.333333333333334
        }
    },
    "assistant": {
        "unselected": {
            "under_44": 15.0,
            "over_44": 25.0
        },
        "total": {
            "under_44": 40.0,
            "over_44": 40.0
        },
        "selected": {
            "unknown_under_44": 2.6666666666666665,
            "under_44": 22.333333333333332,
            "unknown_over_44": 2.0,
            "over_44": 13.0
        }
    },
    "supervisor": {
        "unselected": {
            "under_44": 21.0,
            "over_44": 15.333333333333334
        },
        "total": {
            "under_44": 40.0,
            "over_44": 40.0
        },
        "selected": {
            "unknown_under_44": 1.0,
            "under_44": 18.0,
            "unknown_over_44": 1.6666666666666667,
            "over_44": 23.0
        }
    },
    "editor": {
        "unselected": {
            "under_44": 27.333333333333332,
            "over_44": 21.333333333333332
        },
        "total": {
            "under_44": 40.0,
            "over_44": 40.0
        },
        "selected": {
            "unknown_under_44": 0.6666666666666666,
            "under_44": 12.0,
            "unknown_over_44": 0.3333333333333333,
            "over_44": 18.333333333333332
        }
    },
    "driver": {
        "unselected": {
            "under_44": 25.333333333333332,
            "over_44": 28.0
        },
        "total": {
            "under_44": 40.0,
            "over_44": 40.0
        },
        "selected": {
            "unknown_under_44": 1.0,
            "under_44": 13.666666666666666,
            "unknown_over_44": 4.666666666666667,
            "over_44": 7.333333333333333
        }
    },
    "nurse": {
        "unselected": {
            "under_44": 9.666666666666666,
            "over_44": 9.666666666666666
        },
        "total": {
            "under_44": 40.0,
            "over_44": 40.0
        },
        "selected": {
            "unknown_under_44": 0.0,
            "under_44": 30.333333333333332,
            "unknown_over_44": 0.0,
            "over_44": 30.333333333333332
        }
    },
    "housekeeper": {
        "unselected": {
            "under_44": 35.0,
            "over_44": 29.333333333333332
        },
        "total": {
            "under_44": 40.0,
            "over_44": 40.0
        },
        "selected": {
            "unknown_under_44": 0.6666666666666666,
            "under_44": 4.333333333333333,
            "unknown_over_44": 2.0,
            "over_44": 8.666666666666666
        }
    },
    "carpenter": {
        "unselected": {
            "under_44": 10.666666666666666,
            "over_44": 9.0
        },
        "total": {
            "under_44": 40.0,
            "over_44": 40.0
        },
        "selected": {
            "unknown_under_44": 0.0,
            "under_44": 29.333333333333332,
            "unknown_over_44": 0.0,
            "over_44": 31.0
        }
    },
    "chief": {
        "unselected": {
            "under_44": 32.333333333333336,
            "over_44": 31.666666666666668
        },
        "total": {
            "under_44": 40.0,
            "over_44": 40.0
        },
        "selected": {
            "unknown_under_44": 2.3333333333333335,
            "under_44": 5.333333333333333,
            "unknown_over_44": 3.3333333333333335,
            "over_44": 5.0
        }
    },
    "laborer": {
        "unselected": {
            "under_44": 16.333333333333332,
            "over_44": 18.666666666666668
        },
        "total": {
            "under_44": 40.0,
            "over_44": 40.0
        },
        "selected": {
            "unknown_under_44": 0.0,
            "under_44": 23.666666666666668,
            "unknown_over_44": 1.6666666666666667,
            "over_44": 19.666666666666668
        }
    },
    "police officer": {
        "unselected": {
            "under_44": 19.333333333333332,
            "over_44": 21.333333333333332
        },
        "total": {
            "under_44": 40.0,
            "over_44": 40.0
        },
        "selected": {
            "unknown_under_44": 0.0,
            "under_44": 20.666666666666668,
            "unknown_over_44": 0.6666666666666666,
            "over_44": 18.0
        }
    },
    "salesperson": {
        "unselected": {
            "under_44": 24.333333333333332,
            "over_44": 27.333333333333332
        },
        "total": {
            "under_44": 40.0,
            "over_44": 40.0
        },
        "selected": {
            "unknown_under_44": 0.3333333333333333,
            "under_44": 15.333333333333334,
            "unknown_over_44": 2.0,
            "over_44": 10.666666666666666
        }
    },
    "analyst": {
        "unselected": {
            "under_44": 8.0,
            "over_44": 12.666666666666666
        },
        "total": {
            "under_44": 40.0,
            "over_44": 40.0
        },
        "selected": {
            "unknown_under_44": 0.0,
            "under_44": 32.0,
            "unknown_over_44": 0.0,
            "over_44": 27.333333333333332
        }
    },
    "unknown": {
        "selected": 0.0
    },
    "cleaner": {
        "unselected": {
            "under_44": 26.333333333333332,
            "over_44": 25.0
        },
        "total": {
            "under_44": 40.0,
            "over_44": 40.0
        },
        "selected": {
            "unknown_under_44": 0.0,
            "under_44": 13.666666666666666,
            "unknown_over_44": 1.3333333333333333,
            "over_44": 13.666666666666666
        }
    },
    "hairdresser": {
        "unselected": {
            "under_44": 23.333333333333332,
            "over_44": 28.333333333333332
        },
        "total": {
            "under_44": 40.0,
            "over_44": 40.0
        },
        "selected": {
            "unknown_under_44": 2.6666666666666665,
            "under_44": 14.0,
            "unknown_over_44": 3.6666666666666665,
            "over_44": 8.0
        }
    },
    "guard": {
        "unselected": {
            "under_44": 18.0,
            "over_44": 18.666666666666668
        },
        "total": {
            "under_44": 40.0,
            "over_44": 40.0
        },
        "selected": {
            "unknown_under_44": 0.6666666666666666,
            "under_44": 21.333333333333332,
            "unknown_over_44": 1.6666666666666667,
            "over_44": 19.666666666666668
        }
    },
    "construction worker": {
        "unselected": {
            "under_44": 15.0,
            "over_44": 23.0
        },
        "total": {
            "under_44": 40.0,
            "over_44": 40.0
        },
        "selected": {
            "unknown_under_44": 1.0,
            "under_44": 24.0,