model,base,tuned
llama2_7b,0.0059788794157099,-0.1434124997481055
llama2_13b,0.0149883778084042,0.1475742343941522
llama3_8b,0.081966897124548,0.1069688465686717
llama3.1_8b,0.1747096204410387,0.119823787774313
mistral_7b_v01,0.0114758737671408,0.0856362328503677
qwen1.5_7b,-0.0198002192138965,-0.0728312324604788
qwen2_7b,0.0870599841766468,-0.8075876746066722
