{
    "llama2_7b": {
        "0": {
            "slope": 0.31370670914139354,
            "intercept": -0.1718084762909232,
            "pearson": {
                "coefficient": 0.34866512734184063,
                "p_value": 0.027458728515151295
            }
        }
    },
    "llama2_7b_chat": {
        "0": {
            "slope": 0.36047913213801414,
            "intercept": -0.16858897092059663,
            "pearson": {
                "coefficient": 0.36388353145706454,
                "p_value": 0.0209888586987333
            }
        }
    },
    "llama2_13b": {
        "0": {
            "slope": 0.2602186874448439,
            "intercept": -0.11039820056393812,
            "pearson": {
                "coefficient": 0.2925014829333165,
                "p_value": 0.06701580911920377
            }
        }
    },
    "llama2_13b_chat": {
        "0": {
            "slope": 0.10499580275081256,
            "intercept": -0.05575023138681419,
            "pearson": {
                "coefficient": 0.09436534447944456,
                "p_value": 0.5624618826652544
            }
        }
    },
    "llama3_8b": {
        "0": {
            "slope": 0.41905766374652925,
            "intercept": -0.22100066725499906,
            "pearson": {
                "coefficient": 0.40298438956178173,
                "p_value": 0.009930699455757145
            }
        }
    },
    "llama3_8b_instruct": {
        "0": {
            "slope": 0.3888051830646377,
            "intercept": -0.18689920144643668,
            "pearson": {
                "coefficient": 0.3505640733534324,
                "p_value": 0.026570862317360427
            }
        }
    },
    "llama3.1_8b": {
        "0": {
            "slope": 0.3876105813728234,
            "intercept": -0.20350351923201104,
            "pearson": {
                "coefficient": 0.3593425126389909,
                "p_value": 0.022769886749147168
            }
        }
    },
    "llama3.1_8b_instruct": {
        "0": {
            "slope": 0.27261671581394353,
            "intercept": -0.11509933489743648,
            "pearson": {
                "coefficient": 0.3032381828514096,
                "p_value": 0.057159507007922696
            }
        }
    },
    "mistral_7b_v01": {
        "0": {
            "slope": 0.2660410254202631,
            "intercept": -0.11379517423965219,
            "pearson": {
                "coefficient": 0.2955688994819635,
                "p_value": 0.06407215254447929
            }
        }
    },
    "mistral_7b_plus": {
        "0": {
            "slope": 0.3128780214813061,
            "intercept": -0.14211057061064594,
            "pearson": {
                "coefficient": 0.31719150849736216,
                "p_value": 0.04611783926016692
            }
        }
    },
    "qwen1.5_7b": {
        "0": {
            "slope": -0.22562904926924815,
            "intercept": 0.13320250113002863,
            "pearson": {
                "coefficient": -0.21568063571811844,
                "p_value": 0.18134572711323055
            }
        }
    },
    "qwen1.5_7b_chat": {
        "0": {
            "slope": -0.35665855915968914,
            "intercept": 0.19277395122581198,
            "pearson": {
                "coefficient": -0.345529379395991,
                "p_value": 0.02897856477868923
            }
        }
    },
    "qwen2_7b": {
        "0": {
            "slope": 0.011020469661421959,
            "intercept": -0.05195656385199857,
            "pearson": {
                "coefficient": 0.01260797457317113,
                "p_value": 0.9384530925296373
            }
        }
    },
    "qwen2_7b_instruct": {
        "0": {
            "slope": -0.7565595471275749,
            "intercept": 0.4184204352224542,
            "pearson": {
                "coefficient": -0.5354266896731122,
                "p_value": 0.0003706947369872145
            }
        }
    },
    "gpt3.5": {
        "0": {
            "slope": 1.4560687918379647,
            "intercept": -0.7907551819884199,
            "pearson": {
                "coefficient": 0.7343490307623417,
                "p_value": 6.917524910560068e-08
            }
        }
    },
    "gpt4": {
        "0": {
            "slope": 0.9324565746141759,
            "intercept": -0.5794927785789621,
            "pearson": {
                "coefficient": 0.48560833283094407,
                "p_value": 0.0014912630092387665
            }
        }
    },
    "gpt4o_mini": {
        "0": {
            "slope": 2.040928560666394,
            "intercept": -1.1428718870401857,
            "pearson": {
                "coefficient": 0.6595774807511581,
                "p_value": 3.6734573943964884e-06
            }
        }
    }
}