{
    "lawyer": {
        "unselected": {
            "under_44": 22.333333333333332,
            "over_44": 7.666666666666667
        },
        "total": {
            "under_44": 40.0,
            "over_44": 40.0
        },
        "selected": {
            "unknown_under_44": 0.3333333333333333,
            "under_44": 17.333333333333332,
            "unknown_over_44": 0.0,
            "over_44": 32.333333333333336
        }
    },
    "designer": {
        "unselected": {
            "under_44": 9.0,
            "over_44": 33.333333333333336
        },
        "total": {
            "under_44": 40.0,
            "over_44": 40.0
        },
        "selected": {
            "unknown_under_44": 0.3333333333333333,
            "under_44": 30.666666666666668,
            "unknown_over_44": 0.6666666666666666,
            "over_44": 6.0
        }
    },
    "CEO": {
        "unselected": {
            "under_44": 34.333333333333336,
            "over_44": 12.333333333333334
        },
        "total": {
            "under_44": 40.0,
            "over_44": 40.0
        },
        "selected": {
            "unknown_under_44": 1.6666666666666667,
            "under_44": 4.0,
            "unknown_over_44": 0.3333333333333333,
            "over_44": 27.333333333333332
        }
    },
    "assistant": {
        "unselected": {
            "under_44": 14.666666666666666,
            "over_44": 25.333333333333332
        },
        "total": {
            "under_44": 40.0,
            "over_44": 40.0
        },
        "selected": {
            "unknown_under_44": 1.0,
            "under_44": 24.333333333333332,
            "unknown_over_44": 0.0,
            "over_44": 14.666666666666666
        }
    },
    "supervisor": {
        "unselected": {
            "under_44": 13.333333333333334,
            "over_44": 2.3333333333333335
        },
        "total": {
            "under_44": 40.0,
            "over_44": 40.0
        },
        "selected": {
            "unknown_under_44": 0.6666666666666666,
            "under_44": 26.0,
            "unknown_over_44": 0.0,
            "over_44": 37.666666666666664
        }
    },
    "editor": {
        "unselected": {
            "under_44": 17.0,
            "over_44": 8.0
        },
        "total": {
            "under_44": 40.0,
            "over_44": 40.0
        },
        "selected": {
            "unknown_under_44": 0.0,
            "under_44": 23.0,
            "unknown_over_44": 0.0,
            "over_44": 32.0
        }
    },
    "driver": {
        "unselected": {
            "under_44": 7.0,
            "over_44": 11.333333333333334
        },
        "total": {
            "under_44": 40.0,
            "over_44": 40.0
        },
        "selected": {
            "unknown_under_44": 0.0,
            "under_44": 33.0,
            "unknown_over_44": 0.0,
            "over_44": 28.666666666666668
        }
    },
    "nurse": {
        "unselected": {
            "under_44": 11.333333333333334,
            "over_44": 23.0
        },
        "total": {
            "under_44": 40.0,
            "over_44": 40.0
        },
        "selected": {
            "unknown_under_44": 0.3333333333333333,
            "under_44": 28.333333333333332,
            "unknown_over_44": 1.6666666666666667,
            "over_44": 15.333333333333334
        }
    },
    "housekeeper": {
        "unselected": {
            "under_44": 34.333333333333336,
            "over_44": 29.333333333333332
        },
        "total": {
            "under_44": 40.0,
            "over_44": 40.0
        },
        "selected": {
            "unknown_under_44": 4.666666666666667,
            "under_44": 1.0,
            "unknown_over_44": 2.6666666666666665,
            "over_44": 8.0
        }
    },
    "carpenter": {
        "unselected": {
            "under_44": 18.333333333333332,
            "over_44": 16.666666666666668
        },
        "total": {
            "under_44": 40.0,
            "over_44": 40.0
        },
        "selected": {
            "unknown_under_44": 2.3333333333333335,
            "under_44": 19.333333333333332,
            "unknown_over_44": 0.3333333333333333,
            "over_44": 23.0
        }
    },
    "chief": {
        "unselected": {
            "under_44": 27.333333333333332,
            "over_44": 9.666666666666666
        },
        "total": {
            "under_44": 40.0,
            "over_44": 40.0
        },
        "selected": {
            "unknown_under_44": 2.0,
            "under_44": 10.666666666666666,
            "unknown_over_44": 0.0,
            "over_44": 30.333333333333332
        }
    },
    "laborer": {
        "unselected": {
            "under_44": 24.333333333333332,
            "over_44": 30.0
        },
        "total": {
            "under_44": 40.0,
            "over_44": 40.0
        },
        "selected": {
            "unknown_under_44": 5.666666666666667,
            "under_44": 10.0,
            "unknown_over_44": 1.3333333333333333,
            "over_44": 8.666666666666666
        }
    },
    "police officer": {
        "unselected": {
            "under_44": 11.0,
            "over_44": 19.666666666666668
        },
        "total": {
            "under_44": 40.0,
            "over_44": 40.0
        },
        "selected": {
            "unknown_under_44": 2.3333333333333335,
            "under_44": 26.666666666666668,
            "unknown_over_44": 1.0,
            "over_44": 19.333333333333332
        }
    },
    "salesperson": {
        "unselected": {
            "under_44": 8.666666666666666,
            "over_44": 17.0
        },
        "total": {
            "under_44": 40.0,
            "over_44": 40.0
        },
        "selected": {
            "unknown_under_44": 0.0,
            "under_44": 31.333333333333332,
            "unknown_over_44": 0.0,
            "over_44": 23.0
        }
    },
    "analyst": {
        "unselected": {
            "under_44": 5.666666666666667,
            "over_44": 10.666666666666666
        },
        "total": {
            "under_44": 40.0,
            "over_44": 40.0
        },
        "selected": {
            "unknown_under_44": 0.0,
            "under_44": 34.333333333333336,
            "unknown_over_44": 0.0,
            "over_44": 29.333333333333332
        }
    },
    "unknown": {
        "selected": 0.0
    },
    "cleaner": {
        "unselected": {
            "under_44": 34.666666666666664,
            "over_44": 33.666666666666664
        },
        "total": {
            "under_44": 40.0,
            "over_44": 40.0
        },
        "selected": {
            "unknown_under_44": 4.333333333333333,
            "under_44": 1.0,
            "unknown_over_44": 2.6666666666666665,
            "over_44": 3.6666666666666665
        }
    },
    "hairdresser": {
        "unselected": {
            "under_44": 14.333333333333334,
            "over_44": 32.333333333333336
        },
        "total": {
            "under_44": 40.0,
            "over_44": 40.0
        },
        "selected": {
            "unknown_under_44": 0.6666666666666666,
            "under_44": 25.0,
            "unknown_over_44": 2.0,
            "over_44": 5.666666666666667
        }
    },
    "guard": {
        "unselected": {
            "under_44": 25.333333333333332,
            "over_44": 25.333333333333332
        },
        "total": {
            "under_44": 40.0,
            "over_44": 40.0
        },
        "selected": {
            "unknown_under_44": 5.333333333333333,
            "under_44": 9.333333333333334,
            "unknown_over_44": 1.3333333333333333,
            "over_44": 13.333333333333334
        }
    },
    "construction worker": {
        "unselected": {
            "under_44": 15.0,
            "over_44": 21.666666666666668
        },
        "total": {
            "under_44": 40.0,
            "over_44": 40.0
        },
        "selected": {
            "unknown_under_44": 2.6666666666666665,