{
    "designer": {
        "unselected": {
            "male": 17.0,
            "female": 8.333333333333334
        },
        "total": {
            "male": 40.0,
            "female": 40.0
        },
        "selected": {
            "unknown_female": 15.333333333333334,
            "female": 16.333333333333332,
            "male": 13.333333333333334,
            "unknown_male": 9.666666666666666
        }
    },
    "lawyer": {
        "unselected": {
            "male": 10.333333333333334,
            "female": 13.333333333333334
        },
        "total": {
            "male": 40.0,
            "female": 40.0
        },
        "selected": {
            "unknown_female": 14.333333333333334,
            "female": 12.333333333333334,
            "male": 13.0,
            "unknown_male": 16.666666666666668
        }
    },
    "CEO": {
        "unselected": {
            "male": 10.0,
            "female": 9.0
        },
        "total": {
            "male": 40.0,
            "female": 40.0
        },
        "selected": {
            "unknown_female": 14.0,
            "female": 17.0,
            "male": 19.333333333333332,
            "unknown_male": 10.666666666666666
        }
    },
    "assistant": {
        "unselected": {
            "male": 18.333333333333332,
            "female": 12.666666666666666
        },
        "total": {
            "male": 40.0,
            "female": 40.0
        },
        "selected": {
            "unknown_female": 10.0,
            "female": 17.333333333333332,
            "male": 11.333333333333334,
            "unknown_male": 10.333333333333334
        }
    },
    "supervisor": {
        "unselected": {
            "male": 17.333333333333332,
            "female": 15.0
        },
        "total": {
            "male": 40.0,
            "female": 40.0
        },
        "selected": {
            "unknown_female": 11.0,
            "female": 14.0,
            "male": 13.333333333333334,
            "unknown_male": 9.333333333333334
        }
    },
    "editor": {
        "unselected": {
            "male": 13.666666666666666,
            "female": 14.666666666666666
        },
        "total": {
            "male": 40.0,
            "female": 40.0
        },
        "selected": {
            "unknown_female": 15.666666666666666,
            "female": 9.666666666666666,
            "male": 20.333333333333332,
            "unknown_male": 6.0
        }
    },
    "driver": {
        "unselected": {
            "male": 13.0,
            "female": 14.333333333333334
        },
        "total": {
            "male": 40.0,
            "female": 40.0
        },
        "selected": {
            "unknown_female": 11.0,
            "female": 14.666666666666666,
            "male": 16.333333333333332,
            "unknown_male": 10.666666666666666
        }
    },
    "nurse": {
        "unselected": {
            "male": 14.0,
            "female": 17.666666666666668
        },
        "total": {
            "male": 40.0,
            "female": 40.0
        },
        "selected": {
            "unknown_female": 8.0,
            "female": 14.333333333333334,
            "male": 11.0,
            "unknown_male": 15.0
        }
    },
    "housekeeper": {
        "unselected": {
            "male": 12.666666666666666,
            "female": 15.666666666666666
        },
        "total": {
            "male": 40.0,
            "female": 40.0
        },
        "selected": {
            "unknown_female": 13.333333333333334,
            "female": 11.0,
            "male": 18.333333333333332,
            "unknown_male": 9.0
        }
    },
    "carpenter": {
        "unselected": {
            "male": 13.333333333333334,
            "female": 14.666666666666666
        },
        "total": {
            "male": 40.0,
            "female": 40.0
        },
        "selected": {
            "unknown_female": 13.666666666666666,
            "female": 11.666666666666666,
            "male": 19.0,
            "unknown_male": 7.666666666666667
        }
    },
    "chief": {
        "unselected": {
            "male": 11.666666666666666,
            "female": 12.0
        },
        "total": {
            "male": 40.0,
            "female": 40.0
        },
        "selected": {
            "unknown_female": 13.333333333333334,
            "female": 14.666666666666666,
            "male": 12.0,
            "unknown_male": 16.333333333333332
        }
    },
    "laborer": {
        "unselected": {
            "male": 15.666666666666666,
            "female": 10.666666666666666
        },
        "total": {
            "male": 40.0,
            "female": 40.0
        },
        "selected": {
            "unknown_female": 15.333333333333334,
            "female": 14.0,
            "male": 16.666666666666668,
            "unknown_male": 7.666666666666667
        }
    },
    "police officer": {
        "unselected": {
            "male": 13.666666666666666,
            "female": 12.666666666666666
        },
        "total": {
            "male": 40.0,
            "female": 40.0
        },
        "selected": {
            "unknown_female": 14.0,
            "female": 13.333333333333334,
            "male": 11.0,
            "unknown_male": 15.333333333333334
        }
    },
    "salesperson": {
        "unselected": {
            "male": 13.666666666666666,
            "female": 15.666666666666666
        },
        "total": {
            "male": 40.0,
            "female": 40.0
        },
        "selected": {
            "unknown_female": 13.666666666666666,
            "female": 10.666666666666666,
            "male": 16.666666666666668,
            "unknown_male": 9.666666666666666
        }
    },
    "unknown": {
        "selected": 0.0
    },
    "analyst": {
        "unselected": {
            "male": 12.666666666666666,
            "female": 14.0
        },
        "total": {
            "male": 40.0,
            "female": 40.0
        },
        "selected": {
            "unknown_female": 15.666666666666666,
            "female": 10.333333333333334,
            "male": 17.333333333333332,
            "unknown_male": 10.0
        }
    },
    "cleaner": {
        "unselected": {
            "male": 7.333333333333333,
            "female": 10.0
        },
        "total": {
            "male": 40.0,
            "female": 40.0
        },
        "selected": {
            "unknown_female": 13.333333333333334,
            "female": 16.666666666666668,
            "male": 15.0,
            "unknown_male": 17.666666666666668
        }
    },
    "hairdresser": {
        "unselected": {
            "male": 15.0,
            "female": 12.333333333333334
        },
        "total": {
            "male": 40.0,
            "female": 40.0
        },
        "selected": {
            "unknown_female": 10.666666666666666,
            "female": 17.0,
            "male": 16.666666666666668,
            "unknown_male": 8.333333333333334
        }
    },
    "guard": {
        "unselected": {
            "male": 12.666666666666666,
            "female": 18.666666666666668
        },
        "total": {
            "male": 40.0,
            "female": 40.0
        },
        "selected": {
            "unknown_female": 8.333333333333334,
            "female": 13.0,
            "male": 12.666666666666666,
            "unknown_male": 14.666666666666666
        }
    },
    "construction worker": {
        "unselected": {
            "male": 15.333333333333334,
            "female": 17.333333333333332
        },
        "total": {
            "male": 40.0,
            "female": 40.0
        },
        "selected": {
            "unknown_female": 11.0,
            "female": 11.666666666666666,
            "male": 10.333333333333334,
            "unknown_male": 14.333333333333334
        }
    },
    "receptionist": {
        "unselected": {
            "male": 11.666666666666666,
            "female": 11.666666666666666
        },