{
    "llama2_7b": {
        "0": {
            "slope": -0.0019704718355702837,
            "intercept": -0.01726131575650261,
            "pearson": {
                "coefficient": -0.005068994300156449,
                "p_value": 0.9752354842089475
            }
        }
    },
    "llama2_7b_chat": {
        "0": {
            "slope": -0.09069076909732413,
            "intercept": 0.07800409339458239,
            "pearson": {
                "coefficient": -0.24729680579836005,
                "p_value": 0.12393789543598974
            }
        }
    },
    "llama2_13b": {
        "0": {
            "slope": 0.018049662198569943,
            "intercept": -0.03480641800813247,
            "pearson": {
                "coefficient": 0.04016710644455235,
                "p_value": 0.805618183692013
            }
        }
    },
    "llama2_13b_chat": {
        "0": {
            "slope": 0.13009582503541856,
            "intercept": -0.06402558021152126,
            "pearson": {
                "coefficient": 0.311645628018272,
                "p_value": 0.050279583305904804
            }
        }
    },
    "llama3_8b": {
        "0": {
            "slope": 0.13833693578925327,
            "intercept": -0.07266055753225784,
            "pearson": {
                "coefficient": 0.3582444479563468,
                "p_value": 0.023218974749208386
            }
        }
    },
    "llama3_8b_instruct": {
        "0": {
            "slope": 0.23427499515924555,
            "intercept": -0.11004747882115146,
            "pearson": {
                "coefficient": 0.45217374667852495,
                "p_value": 0.0033977793607167235
            }
        }
    },
    "llama3.1_8b": {
        "0": {
            "slope": 0.2207471671729381,
            "intercept": -0.1132598911290217,
            "pearson": {
                "coefficient": 0.4381880077423297,
                "p_value": 0.004683542438406244
            }
        }
    },
    "llama3.1_8b_instruct": {
        "0": {
            "slope": 0.11840529337600791,
            "intercept": -0.08590985595141198,
            "pearson": {
                "coefficient": 0.22907881396448224,
                "p_value": 0.1550647131277869
            }
        }
    },
    "mistral_7b_v01": {
        "0": {
            "slope": -0.018363325567682512,
            "intercept": -0.026536201396415306,
            "pearson": {
                "coefficient": -0.039256115966336116,
                "p_value": 0.8099448221440504
            }
        }
    },
    "mistral_7b_plus": {
        "0": {
            "slope": 0.037595796560392046,
            "intercept": -0.03136369092417671,
            "pearson": {
                "coefficient": 0.0877017523232703,
                "p_value": 0.5904910235531275
            }
        }
    },
    "qwen1.5_7b": {
        "0": {
            "slope": -0.0255565553453758,
            "intercept": -0.03542699835545769,
            "pearson": {
                "coefficient": -0.05796966760393055,
                "p_value": 0.7223607412654164
            }
        }
    },
    "qwen1.5_7b_chat": {
        "0": {
            "slope": -0.19455802816136314,
            "intercept": 0.09686949062996396,
            "pearson": {
                "coefficient": -0.3813542922105244,
                "p_value": 0.015184081694620846
            }
        }
    },
    "qwen2_7b": {
        "0": {
            "slope": 0.19363456114727198,
            "intercept": -0.09590614105564373,
            "pearson": {
                "coefficient": 0.4273403563565244,
                "p_value": 0.005953664623110238
            }
        }
    },
    "qwen2_7b_instruct": {
        "0": {
            "slope": -1.4532085221811697,
            "intercept": 0.719897376004402,
            "pearson": {
                "coefficient": -0.9270888605389587,
                "p_value": 8.841558289599532e-18
            }
        }
    },
    "gpt3.5": {
        "0": {
            "slope": 1.7269875787553526,
            "intercept": -0.8657660176404982,
            "pearson": {
                "coefficient": 0.9152991713006688,
                "p_value": 1.3737594790709598e-16
            }
        }
    },
    "gpt4": {
        "0": {
            "slope": 1.644822670677119,
            "intercept": -0.8552897750122445,
            "pearson": {
                "coefficient": 0.9150652878971512,
                "p_value": 1.4446450477286132e-16
            }
        }
    },
    "gpt4o_mini": {
        "0": {
            "slope": 1.9130688105587152,
            "intercept": -0.9571322756978354,
            "pearson": {
                "coefficient": 0.9223654767644425,
                "p_value": 2.7946612412344965e-17
            }
        }
    }
}