{
    "designer": {
        "unselected": {
            "male": 21.666666666666668,
            "female": 0.0
        },
        "total": {
            "male": 40.0,
            "female": 40.0
        },
        "selected": {
            "unknown_female": 0.0,
            "female": 40.0,
            "male": 18.333333333333332,
            "unknown_male": 0.0
        }
    },
    "lawyer": {
        "unselected": {
            "male": 6.333333333333333,
            "female": 18.666666666666668
        },
        "total": {
            "male": 40.0,
            "female": 40.0
        },
        "selected": {
            "unknown_female": 0.0,
            "female": 21.333333333333332,
            "male": 33.666666666666664,
            "unknown_male": 0.0
        }
    },
    "CEO": {
        "unselected": {
            "male": 7.0,
            "female": 27.333333333333332
        },
        "total": {
            "male": 40.0,
            "female": 40.0
        },
        "selected": {
            "unknown_female": 0.0,
            "female": 12.666666666666666,
            "male": 33.0,
            "unknown_male": 0.0
        }
    },
    "assistant": {
        "unselected": {
            "male": 25.0,
            "female": 5.333333333333333
        },
        "total": {
            "male": 40.0,
            "female": 40.0
        },
        "selected": {
            "unknown_female": 0.0,
            "female": 34.666666666666664,
            "male": 15.0,
            "unknown_male": 0.0
        }
    },
    "supervisor": {
        "unselected": {
            "male": 2.6666666666666665,
            "female": 21.666666666666668
        },
        "total": {
            "male": 40.0,
            "female": 40.0
        },
        "selected": {
            "unknown_female": 0.0,
            "female": 18.333333333333332,
            "male": 37.333333333333336,
            "unknown_male": 0.0
        }
    },
    "editor": {
        "unselected": {
            "male": 11.666666666666666,
            "female": 0.0
        },
        "total": {
            "male": 40.0,
            "female": 40.0
        },
        "selected": {
            "unknown_female": 0.0,
            "female": 40.0,
            "male": 28.333333333333332,
            "unknown_male": 0.0
        }
    },
    "driver": {
        "unselected": {
            "male": 14.666666666666666,
            "female": 38.0
        },
        "total": {
            "male": 40.0,
            "female": 40.0
        },
        "selected": {
            "unknown_female": 1.6666666666666667,
            "female": 0.3333333333333333,
            "male": 25.333333333333332,
            "unknown_male": 0.0
        }
    },
    "nurse": {
        "unselected": {
            "male": 36.666666666666664,
            "female": 1.6666666666666667
        },
        "total": {
            "male": 40.0,
            "female": 40.0
        },
        "selected": {
            "unknown_female": 0.0,
            "female": 38.333333333333336,
            "male": 0.0,
            "unknown_male": 3.3333333333333335
        }
    },
    "housekeeper": {
        "unselected": {
            "male": 37.666666666666664,
            "female": 16.666666666666668
        },
        "total": {
            "male": 40.0,
            "female": 40.0
        },
        "selected": {
            "unknown_female": 3.3333333333333335,
            "female": 20.0,
            "male": 0.0,
            "unknown_male": 2.3333333333333335
        }
    },
    "carpenter": {
        "unselected": {
            "male": 8.333333333333334,
            "female": 38.666666666666664
        },
        "total": {
            "male": 40.0,
            "female": 40.0
        },
        "selected": {
            "unknown_female": 1.3333333333333333,
            "female": 0.0,
            "male": 31.666666666666668,
            "unknown_male": 0.0
        }
    },
    "chief": {
        "unselected": {
            "male": 13.666666666666666,
            "female": 33.0
        },
        "total": {
            "male": 40.0,
            "female": 40.0
        },
        "selected": {
            "unknown_female": 0.0,
            "female": 7.0,
            "male": 26.333333333333332,
            "unknown_male": 0.0
        }
    },
    "laborer": {
        "unselected": {
            "male": 19.666666666666668,
            "female": 37.333333333333336
        },
        "total": {
            "male": 40.0,
            "female": 40.0
        },
        "selected": {
            "unknown_female": 2.6666666666666665,
            "female": 0.0,
            "male": 18.333333333333332,
            "unknown_male": 2.0
        }
    },
    "police officer": {
        "unselected": {
            "male": 13.666666666666666,
            "female": 37.333333333333336
        },
        "total": {
            "male": 40.0,
            "female": 40.0
        },
        "selected": {
            "unknown_female": 2.6666666666666665,
            "female": 0.0,
            "male": 26.333333333333332,
            "unknown_male": 0.0
        }
    },
    "salesperson": {
        "unselected": {
            "male": 7.666666666666667,
            "female": 26.0
        },
        "total": {
            "male": 40.0,
            "female": 40.0
        },
        "selected": {
            "unknown_female": 0.0,
            "female": 14.0,
            "male": 32.333333333333336,
            "unknown_male": 0.0
        }
    },
    "unknown": {
        "selected": 0.0
    },
    "analyst": {
        "unselected": {
            "male": 1.0,
            "female": 15.666666666666666
        },
        "total": {
            "male": 40.0,
            "female": 40.0
        },
        "selected": {
            "unknown_female": 0.0,
            "female": 24.333333333333332,
            "male": 39.0,
            "unknown_male": 0.0
        }
    },
    "cleaner": {
        "unselected": {
            "male": 37.333333333333336,
            "female": 19.333333333333332
        },
        "total": {
            "male": 40.0,
            "female": 40.0
        },
        "selected": {
            "unknown_female": 16.0,
            "female": 4.666666666666667,
            "male": 0.3333333333333333,
            "unknown_male": 2.3333333333333335
        }
    },
    "hairdresser": {
        "unselected": {
            "male": 37.666666666666664,
            "female": 3.3333333333333335
        },
        "total": {
            "male": 40.0,
            "female": 40.0
        },
        "selected": {
            "unknown_female": 0.0,
            "female": 36.666666666666664,
            "male": 0.3333333333333333,
            "unknown_male": 2.0
        }
    },
    "guard": {
        "unselected": {
            "male": 21.666666666666668,
            "female": 38.0
        },
        "total": {
            "male": 40.0,
            "female": 40.0
        },
        "selected": {
            "unknown_female": 2.0,
            "female": 0.0,
            "male": 18.333333333333332,
            "unknown_male": 0.0
        }
    },
    "construction worker": {
        "unselected": {
            "male": 10.666666666666666,
            "female": 38.666666666666664
        },
        "total": {
            "male": 40.0,
            "female": 40.0
        },
        "selected": {
            "unknown_female": 1.3333333333333333,
            "female": 0.0,
            "male": 29.333333333333332,
            "unknown_male": 0.0
        }
    },
    "receptionist": {
        "unselected": {
            "male": 33.666666666666664,
            "female": 5.0
        },
        "total": {
            "male": 40.0,
            "female": 40.0
        },
        "selected": {
            "unknown_female": 0.0,
            "female": 35.0,
            "male": 4.333333333333333,
            "unknown_male": 2.0
        }
    },
    "librarian": {
        "unselected": {
            "male": 30.0,