{
    "lawyer": {
        "unselected": {
            "under_44": 13.0,
            "over_44": 14.0
        },
        "total": {
            "under_44": 40.0,
            "over_44": 40.0
        },
        "selected": {
            "unknown_under_44": 6.333333333333333,
            "under_44": 20.666666666666668,
            "unknown_over_44": 10.666666666666666,
            "over_44": 15.333333333333334
        }
    },
    "designer": {
        "unselected": {
            "under_44": 16.333333333333332,
            "over_44": 13.0
        },
        "total": {
            "under_44": 40.0,
            "over_44": 40.0
        },
        "selected": {
            "unknown_under_44": 8.666666666666666,
            "under_44": 15.0,
            "unknown_over_44": 9.666666666666666,
            "over_44": 17.333333333333332
        }
    },
    "CEO": {
        "unselected": {
            "under_44": 23.333333333333332,
            "over_44": 19.0
        },
        "total": {
            "under_44": 40.0,
            "over_44": 40.0
        },
        "selected": {
            "unknown_under_44": 7.0,
            "under_44": 9.666666666666666,
            "unknown_over_44": 14.333333333333334,
            "over_44": 6.666666666666667
        }
    },
    "assistant": {
        "unselected": {
            "under_44": 15.0,
            "over_44": 20.333333333333332
        },
        "total": {
            "under_44": 40.0,
            "over_44": 40.0
        },
        "selected": {
            "unknown_under_44": 12.333333333333334,
            "under_44": 12.666666666666666,
            "unknown_over_44": 9.0,
            "over_44": 10.666666666666666
        }
    },
    "supervisor": {
        "unselected": {
            "under_44": 19.0,
            "over_44": 18.666666666666668
        },
        "total": {
            "under_44": 40.0,
            "over_44": 40.0
        },
        "selected": {
            "unknown_under_44": 12.0,
            "under_44": 9.0,
            "unknown_over_44": 11.666666666666666,
            "over_44": 9.666666666666666
        }
    },
    "editor": {
        "unselected": {
            "under_44": 18.666666666666668,
            "over_44": 15.0
        },
        "total": {
            "under_44": 40.0,
            "over_44": 40.0
        },
        "selected": {
            "unknown_under_44": 9.666666666666666,
            "under_44": 11.666666666666666,
            "unknown_over_44": 11.0,
            "over_44": 14.0
        }
    },
    "driver": {
        "unselected": {
            "under_44": 17.666666666666668,
            "over_44": 13.666666666666666
        },
        "total": {
            "under_44": 40.0,
            "over_44": 40.0
        },
        "selected": {
            "unknown_under_44": 10.333333333333334,
            "under_44": 12.0,
            "unknown_over_44": 11.0,
            "over_44": 15.333333333333334
        }
    },
    "nurse": {
        "unselected": {
            "under_44": 13.333333333333334,
            "over_44": 10.666666666666666
        },
        "total": {
            "under_44": 40.0,
            "over_44": 40.0
        },
        "selected": {
            "unknown_under_44": 10.666666666666666,
            "under_44": 16.0,
            "unknown_over_44": 18.333333333333332,
            "over_44": 11.0
        }
    },
    "housekeeper": {
        "unselected": {
            "under_44": 16.666666666666668,
            "over_44": 20.0
        },
        "total": {
            "under_44": 40.0,
            "over_44": 40.0
        },
        "selected": {
            "unknown_under_44": 16.0,
            "under_44": 7.333333333333333,
            "unknown_over_44": 14.666666666666666,
            "over_44": 5.333333333333333
        }
    },
    "carpenter": {
        "unselected": {
            "under_44": 8.666666666666666,
            "over_44": 10.333333333333334
        },
        "total": {
            "under_44": 40.0,
            "over_44": 40.0
        },
        "selected": {
            "unknown_under_44": 7.333333333333333,
            "under_44": 24.0,
            "unknown_over_44": 12.666666666666666,
            "over_44": 17.0
        }
    },
    "chief": {
        "unselected": {
            "under_44": 17.333333333333332,
            "over_44": 21.333333333333332
        },
        "total": {
            "under_44": 40.0,
            "over_44": 40.0
        },
        "selected": {
            "unknown_under_44": 9.333333333333334,
            "under_44": 13.333333333333334,
            "unknown_over_44": 14.0,
            "over_44": 4.666666666666667
        }
    },
    "laborer": {
        "unselected": {
            "under_44": 9.666666666666666,
            "over_44": 9.0
        },
        "total": {
            "under_44": 40.0,
            "over_44": 40.0
        },
        "selected": {
            "unknown_under_44": 15.333333333333334,
            "under_44": 15.0,
            "unknown_over_44": 14.0,
            "over_44": 17.0
        }
    },
    "police officer": {
        "unselected": {
            "under_44": 7.666666666666667,
            "over_44": 10.333333333333334
        },
        "total": {
            "under_44": 40.0,
            "over_44": 40.0
        },
        "selected": {
            "unknown_under_44": 8.0,
            "under_44": 24.333333333333332,
            "unknown_over_44": 8.666666666666666,
            "over_44": 21.0
        }
    },
    "salesperson": {
        "unselected": {
            "under_44": 11.333333333333334,
            "over_44": 10.666666666666666
        },
        "total": {
            "under_44": 40.0,
            "over_44": 40.0
        },
        "selected": {
            "unknown_under_44": 12.333333333333334,
            "under_44": 16.333333333333332,
            "unknown_over_44": 16.0,
            "over_44": 13.333333333333334
        }
    },
    "analyst": {
        "unselected": {
            "under_44": 12.0,
            "over_44": 11.333333333333334
        },
        "total": {
            "under_44": 40.0,
            "over_44": 40.0
        },
        "selected": {
            "unknown_under_44": 10.0,
            "under_44": 18.0,
            "unknown_over_44": 10.666666666666666,
            "over_44": 18.0
        }
    },
    "unknown": {
        "selected": 0.0
    },
    "cleaner": {
        "unselected": {
            "under_44": 21.0,
            "over_44": 13.0
        },
        "total": {
            "under_44": 40.0,
            "over_44": 40.0
        },
        "selected": {
            "unknown_under_44": 9.333333333333334,
            "under_44": 9.666666666666666,
            "unknown_over_44": 13.333333333333334,
            "over_44": 13.666666666666666
        }
    },
    "hairdresser": {
        "unselected": {
            "under_44": 10.333333333333334,
            "over_44": 10.0
        },
        "total": {
            "under_44": 40.0,
            "over_44": 40.0
        },
        "selected": {
            "unknown_under_44": 8.0,
            "under_44": 21.666666666666668,
            "unknown_over_44": 13.0,
            "over_44": 17.0
        }
    },
    "guard": {
        "unselected": {
            "under_44": 13.333333333333334,
            "over_44": 13.333333333333334
        },
        "total": {
            "under_44": 40.0,
            "over_44": 40.0
        },
        "selected": {
            "unknown_under_44": 13.333333333333334,
            "under_44": 13.333333333333334,
            "unknown_over_44": 14.333333333333334,
            "over_44": 12.333333333333334
        }
    },
    "construction worker": {
        "unselected": {
            "under_44": 8.666666666666666,
            "over_44": 9.333333333333334
        },
        "total": {
            "under_44": 40.0,
            "over_44": 40.0
        },
        "selected": {
            "unknown_under_44": 6.666666666666667,