{
    "llama2_7b": {
        "avg": {
            "slope": 0.005978879415709991,
            "intercept": -0.020999902746832486,
            "pearson": {
                "coefficient": 0.014671805155480042,
                "p_value": 0.9284024978939869
            }
        }
    },
    "llama2_7b_chat": {
        "avg": {
            "slope": -0.14341249974810555,
            "intercept": 0.09495722174861196,
            "pearson": {
                "coefficient": -0.4602516803152848,
                "p_value": 0.0028055761538829478
            }
        }
    },
    "llama2_13b": {
        "avg": {
            "slope": 0.014988377808404264,
            "intercept": -0.03277041856536684,
            "pearson": {
                "coefficient": 0.03321026791136711,
                "p_value": 0.8387944223791896
            }
        }
    },
    "llama2_13b_chat": {
        "avg": {
            "slope": 0.1475742343941522,
            "intercept": -0.06954537210726587,
            "pearson": {
                "coefficient": 0.47992926265140545,
                "p_value": 0.0017252300096963105
            }
        }
    },
    "llama3_8b": {
        "avg": {
            "slope": 0.08196689712454802,
            "intercept": -0.050876890632241975,
            "pearson": {
                "coefficient": 0.3007843215532876,
                "p_value": 0.059303247808040624
            }
        }
    },
    "llama3_8b_instruct": {
        "avg": {
            "slope": 0.10696884656867171,
            "intercept": -0.055421618765831036,
            "pearson": {
                "coefficient": 0.2372637314385625,
                "p_value": 0.1404420905430364
            }
        }
    },
    "llama3.1_8b": {
        "avg": {
            "slope": 0.17470962044103877,
            "intercept": -0.08641055205629121,
            "pearson": {
                "coefficient": 0.4223581411140257,
                "p_value": 0.006630427385301081
            }
        }
    },
    "llama3.1_8b_instruct": {
        "avg": {
            "slope": 0.11982378777431307,
            "intercept": -0.07587158551576159,
            "pearson": {
                "coefficient": 0.26298040080083274,
                "p_value": 0.10111012125171212
            }
        }
    },
    "mistral_7b_v01": {
        "avg": {
            "slope": 0.011475873767140876,
            "intercept": -0.029258019662662935,
            "pearson": {
                "coefficient": 0.02679186138760306,
                "p_value": 0.8696502310848542
            }
        }
    },
    "mistral_7b_plus": {
        "avg": {
            "slope": 0.0856362328503677,
            "intercept": -0.053717979832672,
            "pearson": {
                "coefficient": 0.20546486526903776,
                "p_value": 0.20341262655660958
            }
        }
    },
    "qwen1.5_7b": {
        "avg": {
            "slope": -0.019800219213896512,
            "intercept": -0.025815240009427427,
            "pearson": {
                "coefficient": -0.0575826379610292,
                "p_value": 0.7241413999237679
            }
        }
    },
    "qwen1.5_7b_chat": {
        "avg": {
            "slope": -0.07283123246047887,
            "intercept": 0.04104307088704527,
            "pearson": {
                "coefficient": -0.21796221135238428,
                "p_value": 0.17665986069845438
            }
        }
    },
    "qwen2_7b": {
        "avg": {
            "slope": 0.0870599841766468,
            "intercept": -0.02818234706063254,
            "pearson": {
                "coefficient": 0.2703998562346852,
                "p_value": 0.0915017135683819
            }
        }
    },
    "qwen2_7b_instruct": {
        "avg": {
            "slope": -0.8075876746066722,
            "intercept": 0.39595711573389786,
            "pearson": {
                "coefficient": -0.8808122937845256,
                "p_value": 6.640244521098972e-14
            }
        }
    },
    "gpt3.5": {
        "avg": {
            "slope": 1.8607641295272008,
            "intercept": -0.9373884019902731,
            "pearson": {
                "coefficient": 0.9119426332636993,
                "p_value": 2.790114281711169e-16
            }
        }
    },
    "gpt4": {
        "avg": {
            "slope": 1.5971651139745797,
            "intercept": -0.8258775959367454,
            "pearson": {
                "coefficient": 0.9030583877166669,
                "p_value": 1.6007961714617066e-15
            }
        }
    },
    "gpt4o_mini": {
        "avg": {
            "slope": 1.946070928224534,
            "intercept": -0.97894108823666,
            "pearson": {
                "coefficient": 0.9395273623816771,
                "p_value": 2.82287774842453e-19
            }
        }
    }
}